Prediction,Probability,Top_1_Feat,Top_1_Feat_SHAP,Top_2_Feat,Top_2_Feat_SHAP,Top_3_Feat,Top_3_Feat_SHAP,Top_4_Feat,Top_4_Feat_SHAP,Top_5_Feat,Top_5_Feat_SHAP
0,0.46,RecentSatisfactionScore,0.2547716781250101,IsActiveMember,-0.05636871579660499,NumOfProducts,0.03816706521079746,Gender,0.029028811422651686,Age,-0.028635084316424853
0,0.35,RecentSatisfactionScore,0.14113045049998033,NumOfProducts,-0.04784070548346279,IsActiveMember,0.04090911846484136,Age,0.03094039247694781,Gender,-0.021672657868677968
1,0.66,RecentSatisfactionScore,0.29064777290218435,IsActiveMember,0.0709475530309078,Age,-0.05813751739011042,Surname,0.036448575197478184,Balance_Salary_Ratio,0.031678833617636196
0,0.05,RecentSatisfactionScore,-0.06809331169731088,NumOfProducts,-0.04340373350615231,IsActiveMember,0.031866045680989934,Age,-0.029942175232829858,Surname,0.0225281321739775
0,0.08,RecentSatisfactionScore,-0.04238688003457594,Age,-0.04110129037376418,Age_Tenure_Ratio,-0.02440545615567785,IsActiveMember,-0.018665730924579082,Tenure,0.01740151215286144
0,0.07,Age,-0.10788020513874338,RecentSatisfactionScore,-0.07431373830994262,Geography,-0.03112680045427333,Surname,0.027981902183470887,IsActiveMember,0.023968951954446295
